"level","created","updated","url","user","id","group","tags","quote","text","relay link","direct link"
"0","2023-07-27T12:07:05","2023-07-27T12:07:05","https://networkcultures.org/reading-group/textual-reknittings/slugs.pdf","cyberfae1312","Glfknix2Ee6R6zNUj07v-w","ziX6PGLn","important","an invitationtowards alternative practices for Computer Science in whichwhat exists now is moistened into, and where questions ofclass, race, gender, and disability––that might otherwise beobscured––are non-deterministically present.","core","https://hyp.is/Glfknix2Ee6R6zNUj07v-w","https://networkcultures.org/reading-group/textual-reknittings/slugs.pdf#annotations:Glfknix2Ee6R6zNUj07v-w"
"0","2023-07-27T12:06:32","2023-07-27T12:06:32","https://networkcultures.org/reading-group/textual-reknittings/slugs.pdf","cyberfae1312","BnDqDCx2Ee6C6WubXb4maw","ziX6PGLn","trouble","With Careful Slugs we do not wish to tokenize orinstrumentalize more-than-humans by rendering them beingsonly valuable for what metaphor humans can extract fromthem.","hm","https://hyp.is/BnDqDCx2Ee6C6WubXb4maw","https://networkcultures.org/reading-group/textual-reknittings/slugs.pdf#annotations:BnDqDCx2Ee6C6WubXb4maw"
"0","2023-07-27T12:05:21","2023-07-27T12:05:21","https://networkcultures.org/reading-group/textual-reknittings/slugs.pdf","cyberfae1312","3IVGUix1Ee68L__hqehyVA","ziX6PGLn","important","caring for sticky moments and moments ofstuckness that slow down and allow for pausing to attend tothe less perceptible.",,"https://hyp.is/3IVGUix1Ee68L__hqehyVA","https://networkcultures.org/reading-group/textual-reknittings/slugs.pdf#annotations:3IVGUix1Ee68L__hqehyVA"
"0","2023-07-27T11:57:46","2023-07-27T11:57:46","https://networkcultures.org/reading-group/textual-reknittings/slugs.pdf","cyberfae1312","zW79lCx0Ee6Tz6O7Q1Bb0g","ziX6PGLn",,"While reading, consider the images that we madecelebrating each of the slugs, in whose honor we have writtenthese fictions.","tone","https://hyp.is/zW79lCx0Ee6Tz6O7Q1Bb0g","https://networkcultures.org/reading-group/textual-reknittings/slugs.pdf#annotations:zW79lCx0Ee6Tz6O7Q1Bb0g"
"0","2023-07-27T11:55:45","2023-07-27T11:55:45","https://networkcultures.org/reading-group/textual-reknittings/slugs.pdf","cyberfae1312","hTP5-Cx0Ee6mYA_I9ecaxQ","ziX6PGLn",,"For CS","manifesto?","https://hyp.is/hTP5-Cx0Ee6mYA_I9ecaxQ","https://networkcultures.org/reading-group/textual-reknittings/slugs.pdf#annotations:hTP5-Cx0Ee6mYA_I9ecaxQ"
"0","2023-07-27T11:54:53","2023-07-27T11:54:53","https://networkcultures.org/reading-group/textual-reknittings/slugs.pdf","cyberfae1312","ZgSczCx0Ee6OKv8-OFZISA","ziX6PGLn","definition","s cripistemological framework which attends to“the places where bodily edges and the categoricaldistinctions blur or dissolve''",,"https://hyp.is/ZgSczCx0Ee6OKv8-OFZISA","https://networkcultures.org/reading-group/textual-reknittings/slugs.pdf#annotations:ZgSczCx0Ee6OKv8-OFZISA"
"0","2023-07-27T11:54:33","2023-07-27T11:54:33","https://networkcultures.org/reading-group/textual-reknittings/slugs.pdf","cyberfae1312","WmS_yCx0Ee6dGPtorALDwQ","ziX6PGLn",,"cripistemologica","wanna know more about that","https://hyp.is/WmS_yCx0Ee6dGPtorALDwQ","https://networkcultures.org/reading-group/textual-reknittings/slugs.pdf#annotations:WmS_yCx0Ee6dGPtorALDwQ"
"0","2023-07-27T11:52:52","2023-07-27T11:52:52","https://networkcultures.org/reading-group/textual-reknittings/slugs.pdf","cyberfae1312","HciOgix0Ee6XnIORcVJ6og","ziX6PGLn","important","Who is this creating accessibility for?",,"https://hyp.is/HciOgix0Ee6XnIORcVJ6og","https://networkcultures.org/reading-group/textual-reknittings/slugs.pdf#annotations:HciOgix0Ee6XnIORcVJ6og"
"0","2023-07-27T11:48:40","2023-07-27T11:48:40","https://networkcultures.org/reading-group/textual-reknittings/slugs.pdf","cyberfae1312","h9XDIixzEe6lS1vcDjG0xw","ziX6PGLn","important","namings, cruising (Muñoz 2009), feelings, pockets, tooling upand down (MELT 2020), oozing, stimming (Scientist Stims,n.d.), reading (Smilges 2021), dreaming, writing (Brown 2021),making, smelling, rhythms and flows (Gumbs 2018), tunings(Gabrys 2016), cusps, insensibilities (Yusoff 2013), and waywardpractice (Hartman 2019).",,"https://hyp.is/h9XDIixzEe6lS1vcDjG0xw","https://networkcultures.org/reading-group/textual-reknittings/slugs.pdf#annotations:h9XDIixzEe6lS1vcDjG0xw"
"1","2023-07-27T12:08:43","2023-07-27T12:08:43","https://networkcultures.org/reading-group/textual-reknittings/slugs.pdf","hd_onions","VPphOix2Ee6C6m8rEioTgg","ziX6PGLn",,,"!tooling down","https://hyp.is/VPphOix2Ee6C6m8rEioTgg","https://networkcultures.org/reading-group/textual-reknittings/slugs.pdf#annotations:VPphOix2Ee6C6m8rEioTgg"
"0","2023-07-27T11:48:07","2023-07-27T11:48:07","https://networkcultures.org/reading-group/textual-reknittings/slugs.pdf","cyberfae1312","dB6xwixzEe6lSt9MxPeXog","ziX6PGLn","important","scandal and enjoyment, friendships, refusals, inaction, mucusmembranes, hums, modes of survival, modes ofnon/commitment, queering damage",,"https://hyp.is/dB6xwixzEe6lSt9MxPeXog","https://networkcultures.org/reading-group/textual-reknittings/slugs.pdf#annotations:dB6xwixzEe6lSt9MxPeXog"
"0","2023-07-27T11:47:05","2023-07-27T11:47:05","https://networkcultures.org/reading-group/textual-reknittings/slugs.pdf","cyberfae1312","T2kPnixzEe6Qztcl9-XwUQ","ziX6PGLn",,"CS (the acronym for Computer Science) be replacedas an indeterminate acronym CS (in which C and S arereplaced with metaphors)","donna haraway style with SF","https://hyp.is/T2kPnixzEe6Qztcl9-XwUQ","https://networkcultures.org/reading-group/textual-reknittings/slugs.pdf#annotations:T2kPnixzEe6Qztcl9-XwUQ"
"0","2023-07-27T11:45:14","2023-07-27T11:45:14","https://networkcultures.org/reading-group/textual-reknittings/slugs.pdf","cyberfae1312","DMZOuCxzEe6Xmv9WRVOptA","ziX6PGLn","important","to makechemical binds sticky enough to hold in-place inconclusivelyyet with possibilities of lubricating accountability.","like the formulation","https://hyp.is/DMZOuCxzEe6Xmv9WRVOptA","https://networkcultures.org/reading-group/textual-reknittings/slugs.pdf#annotations:DMZOuCxzEe6Xmv9WRVOptA"
"0","2023-07-27T11:44:35","2023-07-27T11:44:35","https://networkcultures.org/reading-group/textual-reknittings/slugs.pdf","cyberfae1312","9cN2vixyEe6dpU83eQN-Yw","ziX6PGLn","key-word","defensive slime",,"https://hyp.is/9cN2vixyEe6dpU83eQN-Yw","https://networkcultures.org/reading-group/textual-reknittings/slugs.pdf#annotations:9cN2vixyEe6dpU83eQN-Yw"
"0","2023-07-25T21:43:24","2023-07-27T09:01:06","https://networkcultures.org/reading-group/textual-reknittings/slugs.pdf","felixcat","SDHsSis0Ee6JGyOyfCC5rg","ziX6PGLn","key-word","CS (Community Successes",,"https://hyp.is/SDHsSis0Ee6JGyOyfCC5rg","https://networkcultures.org/reading-group/textual-reknittings/slugs.pdf#annotations:SDHsSis0Ee6JGyOyfCC5rg"
"0","2023-07-25T21:43:00","2023-07-25T21:53:39","https://networkcultures.org/reading-group/textual-reknittings/slugs.pdf","felixcat","OadLcCs0Ee6cCNsmTyxxzw","ziX6PGLn","important","design a community infrastructure,and/or developing a queer operating system","goals","https://hyp.is/OadLcCs0Ee6cCNsmTyxxzw","https://networkcultures.org/reading-group/textual-reknittings/slugs.pdf#annotations:OadLcCs0Ee6cCNsmTyxxzw"
"0","2023-07-25T21:51:46","2023-07-25T21:51:46","https://networkcultures.org/reading-group/textual-reknittings/slugs.pdf","felixcat","c5F_Yis1Ee6kEP8E9i-c_Q","ziX6PGLn","<3","we love Slugs as they are misfittingcompanions, not to be exterminated nor extracted from.",,"https://hyp.is/c5F_Yis1Ee6kEP8E9i-c_Q","https://networkcultures.org/reading-group/textual-reknittings/slugs.pdf#annotations:c5F_Yis1Ee6kEP8E9i-c_Q"
"0","2023-07-25T21:32:18","2023-07-25T21:32:18","https://networkcultures.org/reading-group/textual-reknittings/slugs.pdf","felixcat","uxd1aisyEe6jpJv0P0ClAA","ziX6PGLn","trouble","The violent realities and historiesof computer science that we refer to include the way thatcomputation normalizes, optimizes, and makes operationalthrough computation colonial and eugenic modes such assorting, separating, categorizing, segregating––reliant onhardened categories and universalisms","colonial modes of assorting, separating, categorising ","https://hyp.is/uxd1aisyEe6jpJv0P0ClAA","https://networkcultures.org/reading-group/textual-reknittings/slugs.pdf#annotations:uxd1aisyEe6jpJv0P0ClAA"
"0","2023-07-25T21:17:04","2023-07-25T21:17:04","https://networkcultures.org/reading-group/textual-reknittings/slugs.pdf","felixcat","mplqwCswEe60cpsx1a1VaA","ziX6PGLn","key-word","worldings",,"https://hyp.is/mplqwCswEe60cpsx1a1VaA","https://networkcultures.org/reading-group/textual-reknittings/slugs.pdf#annotations:mplqwCswEe60cpsx1a1VaA"
"0","2023-07-25T21:15:48","2023-07-25T21:15:48","https://networkcultures.org/reading-group/textual-reknittings/slugs.pdf","felixcat","bXtUXiswEe6QUKvbu9dsUQ","ziX6PGLn","key-word","predatory basedsolutionisms",,"https://hyp.is/bXtUXiswEe6QUKvbu9dsUQ","https://networkcultures.org/reading-group/textual-reknittings/slugs.pdf#annotations:bXtUXiswEe6QUKvbu9dsUQ"
"0","2023-07-25T21:07:21","2023-07-25T21:07:21","https://networkcultures.org/reading-group/textual-reknittings/slugs.pdf","felixcat","PwSHzCsvEe6DSdPwa5kPTg","ziX6PGLn","<3","we propose CS as an openingmetaphor for CS (Computer Science)",,"https://hyp.is/PwSHzCsvEe6DSdPwa5kPTg","https://networkcultures.org/reading-group/textual-reknittings/slugs.pdf#annotations:PwSHzCsvEe6DSdPwa5kPTg"
"0","2023-07-25T21:04:04","2023-07-25T21:04:04","https://networkcultures.org/reading-group/textual-reknittings/slugs.pdf","felixcat","ycocGisuEe6JBX9JKN0FaQ","ziX6PGLn","key-word","CS (Careful Slugs)",,"https://hyp.is/ycocGisuEe6JBX9JKN0FaQ","https://networkcultures.org/reading-group/textual-reknittings/slugs.pdf#annotations:ycocGisuEe6JBX9JKN0FaQ"
"0","2023-07-25T21:03:28","2023-07-25T21:03:28","https://networkcultures.org/reading-group/textual-reknittings/slugs.pdf","felixcat","tASDtisuEe6JeCsV3kn-Zw","ziX6PGLn","important","diverse practices within and alongside Computer Science.",,"https://hyp.is/tASDtisuEe6JeCsV3kn-Zw","https://networkcultures.org/reading-group/textual-reknittings/slugs.pdf#annotations:tASDtisuEe6JeCsV3kn-Zw"
"0","2023-07-26T22:44:27","2023-07-26T22:44:27","https://zine.zora.co/solarpunk-web3-kareola","Drix","-kF5dCwFEe67MD-LHdiF8g","ziX6PGLn","disapprobation","communism.","global communism honestly does not sound promising... ughhh how could this go wrong??? lol","https://hyp.is/-kF5dCwFEe67MD-LHdiF8g","https://zine.zora.co/solarpunk-web3-kareola#annotations:-kF5dCwFEe67MD-LHdiF8g"
"0","2023-07-26T22:43:22","2023-07-26T22:43:22","https://zine.zora.co/solarpunk-web3-kareola","Drix","017lOiwFEe6lcO9R7O9Ppw","ziX6PGLn",,"business-as-usual","precisely this, you need scalability if you are going to want to preserve the current globally connected economical/social etc connected capitalistic status, but maybe the infrastructure should be imagined for another structure entirely","https://hyp.is/017lOiwFEe6lcO9R7O9Ppw","https://zine.zora.co/solarpunk-web3-kareola#annotations:017lOiwFEe6lcO9R7O9Ppw"
"0","2023-07-26T22:39:39","2023-07-26T22:39:39","https://zine.zora.co/solarpunk-web3-kareola","Drix","TjN6uiwFEe6tWodThZbuDg","ziX6PGLn","comment","there’s an oppositional quality to solarpunk, but it’s an opposition that begins with infrastructure as a form of resistance.","this makes me think that also the oppositional drive in solar punk is not destructive but creative. Maybe there's some true lack of opposition? It is as if, even the oppositional part presents istself as an alternative to the status quo, without truly challengin the status quo's infrastructures... a bit like ""come to our side, live with us in our alternative organization"" while the rest of the world is not truly challenged and keeps scaling its weapons of destruction. It would be nice to hather some sources that focus more on solare punk also as a material attack on mainstream infrastructures, I am sure these stories are also out there","https://hyp.is/TjN6uiwFEe6tWodThZbuDg","https://zine.zora.co/solarpunk-web3-kareola#annotations:TjN6uiwFEe6tWodThZbuDg"
"0","2023-07-26T22:33:19","2023-07-26T22:33:19","https://zine.zora.co/solarpunk-web3-kareola","Drix","a_PcOiwEEe6NFocDCnp_pA","ziX6PGLn",,"Addressing climate change and sustainability issues can easily be perceived as solving issues for just the wealthy few; addressing climate justice offers a more inclusive, intersectional approach.","to elaborate on previous annotation: they both sound very ""marketed"" if we have to find a definition for the focus it would be nice to call for some more disruptive and provokative thing maybe, mor punk, less solar?","https://hyp.is/a_PcOiwEEe6NFocDCnp_pA","https://zine.zora.co/solarpunk-web3-kareola#annotations:a_PcOiwEEe6NFocDCnp_pA"
"0","2023-07-26T22:30:23","2023-07-26T22:30:23","https://zine.zora.co/solarpunk-web3-kareola","Drix","AvdAUCwEEe6wpdeZFLjs1Q","ziX6PGLn","disapprobation","addressing of “climate justice.","mah... sound even more vague and ""green washed"" to me","https://hyp.is/AvdAUCwEEe6wpdeZFLjs1Q","https://zine.zora.co/solarpunk-web3-kareola#annotations:AvdAUCwEEe6wpdeZFLjs1Q"
"0","2023-07-26T22:28:37","2023-07-26T22:28:37","https://zine.zora.co/solarpunk-web3-kareola","Drix","w_W1TiwDEe6I06MN-JKTgg","ziX6PGLn","comment","what a world would look like which addressed its injustices (rather than the simply-utopian path of imagining them away without a plan","In a way solarpunk is a nice way of entangling together both the destructive and the generative drives that any effort to change the status quo contains","https://hyp.is/w_W1TiwDEe6I06MN-JKTgg","https://zine.zora.co/solarpunk-web3-kareola#annotations:w_W1TiwDEe6I06MN-JKTgg"
"0","2023-07-20T17:42:28","2023-07-20T17:42:28","https://zine.zora.co/solarpunk-web3-kareola","Drix","y8BmSickEe6bgA_0tx2MKw","ziX6PGLn","trouble","Decentralization, in the sense that authority is moved away from a central governing body to local or individual agents, is thus implicitly embedded in this description.","found really thought provoking what Phoebe Tickell says in the Green pill poadcast about decentralization. Something along the lines of the fact that a decentralized structure is not necessarily a fair and just structure, as well as organization and coordination would not necessarily lead to harmony. She identifys the problem not in decision making structures but in imagination, which shapes levels of human development, capacity for ethics, values and a collective morality. She reckons the issue is at the level of accountability and transparency, you can have really unhealthy decentralized systems where there's still power imbalance, decentralization can hid soft influence. here's her references: https://medium.com/the-tuning-fork/hierarchy-is-not-the-problem-892610f5d9c0 and https://www.jofreeman.com/joreen/tyranny.htm","https://hyp.is/y8BmSickEe6bgA_0tx2MKw","https://zine.zora.co/solarpunk-web3-kareola#annotations:y8BmSickEe6bgA_0tx2MKw"
"1","2023-07-25T21:17:09","2023-07-25T21:17:09","https://zine.zora.co/solarpunk-web3-kareola","hd_onions","nTARTiswEe6i6HsmiTzJbg","ziX6PGLn",,,"yes the tyranny of structurelessness is great! but also decentralization is a structure no? ","https://hyp.is/nTARTiswEe6i6HsmiTzJbg","https://zine.zora.co/solarpunk-web3-kareola#annotations:nTARTiswEe6i6HsmiTzJbg"
"0","2023-07-19T16:39:54","2023-07-19T16:39:54","https://zine.zora.co/solarpunk-web3-kareola","felixcat","4_5wRCZSEe6sfbvkRSGFvQ","ziX6PGLn","approval","shift our focus away from the human-centric","""hope"" in hopepunk, in its most extreme interpretation/scenario, as future conditions for life, even if not for the human specie? ^^","https://hyp.is/4_5wRCZSEe6sfbvkRSGFvQ","https://zine.zora.co/solarpunk-web3-kareola#annotations:4_5wRCZSEe6sfbvkRSGFvQ"
"0","2023-07-19T16:26:01","2023-07-19T16:26:01","https://zine.zora.co/solarpunk-web3-kareola","felixcat","8yFMaiZQEe6AoLfYnq5abw","ziX6PGLn","important","Giving a few examples of community-sized crypto projects, they show how this changes the relationship between people, blockchains, and trust as “trust” is in these cases “not located in a central authority, nor is it located in a ‘trustless architecture’, but rather is it located in the community.”","interesting","https://hyp.is/8yFMaiZQEe6AoLfYnq5abw","https://zine.zora.co/solarpunk-web3-kareola#annotations:8yFMaiZQEe6AoLfYnq5abw"
"0","2023-07-19T16:23:11","2023-07-19T16:23:11","https://zine.zora.co/solarpunk-web3-kareola","felixcat","jfP-CiZQEe6bJoeBfIm8yg","ziX6PGLn","<3, reference","in the rights of the money-changers, where greed, laziness, and envy were assumed to move all men's acts, even the terrible became banal.","such an accurate, anticipative description of what crypto-bros call ""incentives"" ","https://hyp.is/jfP-CiZQEe6bJoeBfIm8yg","https://zine.zora.co/solarpunk-web3-kareola#annotations:jfP-CiZQEe6bJoeBfIm8yg"
"0","2023-07-19T16:19:42","2023-07-19T16:19:42","https://zine.zora.co/solarpunk-web3-kareola","felixcat","EZhMEiZQEe696ksC3tOhJg","ziX6PGLn","key-word","positive externalities",,"https://hyp.is/EZhMEiZQEe696ksC3tOhJg","https://zine.zora.co/solarpunk-web3-kareola#annotations:EZhMEiZQEe696ksC3tOhJg"
"0","2023-07-19T16:17:34","2023-07-19T16:17:34","https://zine.zora.co/solarpunk-web3-kareola","felixcat","xNbNaCZPEe6nHbMPzvIBNw","ziX6PGLn","trouble","in the absence of ways to enact our shared values, we default to the lowest common denominator: profit.","that's an interesting way to look at capitalism...","https://hyp.is/xNbNaCZPEe6nHbMPzvIBNw","https://zine.zora.co/solarpunk-web3-kareola#annotations:xNbNaCZPEe6nHbMPzvIBNw"
"0","2023-07-19T16:07:03","2023-07-19T16:07:03","https://zine.zora.co/solarpunk-web3-kareola","felixcat","TTICJCZOEe6MYJ9B0Wg4ew","ziX6PGLn","important","‘trustless-architecture’ (meaning as little trust as possible","and what about building an architecture of trust??","https://hyp.is/TTICJCZOEe6MYJ9B0Wg4ew","https://zine.zora.co/solarpunk-web3-kareola#annotations:TTICJCZOEe6MYJ9B0Wg4ew"
"0","2023-07-19T16:00:13","2023-07-19T16:00:13","https://zine.zora.co/solarpunk-web3-kareola","felixcat","WNSDWiZNEe6VJ9crRQ0wSQ","ziX6PGLn","important","some solarpunk narratives are limited to envisioning a business-as-usual future",,"https://hyp.is/WNSDWiZNEe6VJ9crRQ0wSQ","https://zine.zora.co/solarpunk-web3-kareola#annotations:WNSDWiZNEe6VJ9crRQ0wSQ"
"0","2023-07-19T15:51:49","2023-07-19T15:51:49","https://zine.zora.co/solarpunk-web3-kareola","felixcat","LEOQ3iZMEe6mlLvwOHKdag","ziX6PGLn","key-word","the “how”",,"https://hyp.is/LEOQ3iZMEe6mlLvwOHKdag","https://zine.zora.co/solarpunk-web3-kareola#annotations:LEOQ3iZMEe6mlLvwOHKdag"
"0","2023-07-19T15:42:57","2023-07-19T15:42:57","https://zine.zora.co/solarpunk-web3-kareola","felixcat","7vA-9CZKEe6bESdQBEk11A","ziX6PGLn","<3","shift the focus from “solving challenges surrounding climate change and sustainability” towards a more considered addressing of “climate justice.","from ""solution"" to ""justice""","https://hyp.is/7vA-9CZKEe6bESdQBEk11A","https://zine.zora.co/solarpunk-web3-kareola#annotations:7vA-9CZKEe6bESdQBEk11A"
"1","2023-07-25T21:26:06","2023-07-25T21:26:06","https://zine.zora.co/solarpunk-web3-kareola","hd_onions","3YcTzCsxEe6ikxfGRF013g","ziX6PGLn",,,"+1","https://hyp.is/3YcTzCsxEe6ikxfGRF013g","https://zine.zora.co/solarpunk-web3-kareola#annotations:3YcTzCsxEe6ikxfGRF013g"
"0","2023-07-19T15:40:57","2023-07-19T15:40:57","https://zine.zora.co/solarpunk-web3-kareola","felixcat","p4tK1iZKEe6mjm9AKLz_8g","ziX6PGLn","<3","diverse communities around the world building self-sustaining nests of revolution.",,"https://hyp.is/p4tK1iZKEe6mjm9AKLz_8g","https://zine.zora.co/solarpunk-web3-kareola#annotations:p4tK1iZKEe6mjm9AKLz_8g"
"0","2023-07-19T15:39:29","2023-07-19T15:39:29","https://zine.zora.co/solarpunk-web3-kareola","felixcat","czQLECZKEe6bvJPQJP28Tw","ziX6PGLn","disapproval","how to ensure that the utopian image does not totalize?","Are not all utopias others' dystopias? It seems to me that wether 'positive' or 'negative', a dream/nightmare of a u/dys-topia is by essence totalizing. I feel that we should go beyond both dystopia and utopia, as a political goal at least - instead of pushing for a utopian totality, we could try to encourage some (unpredictable) diversity","https://hyp.is/czQLECZKEe6bvJPQJP28Tw","https://zine.zora.co/solarpunk-web3-kareola#annotations:czQLECZKEe6bvJPQJP28Tw"
"1","2023-07-26T22:24:03","2023-07-26T22:24:03","https://zine.zora.co/solarpunk-web3-kareola","Drix","IEEGGiwDEe6qzickCvMHgA","ziX6PGLn",,,"yes, but also its precisely the point of a utopia to totalize? While it is embedded in it the impossibility of its actualization it knids of self-defuses and at the same time it preserves the strength of a ""clean"", clear, totalizing desire in moving people towards its actualisatio, making them start to act.","https://hyp.is/IEEGGiwDEe6qzickCvMHgA","https://zine.zora.co/solarpunk-web3-kareola#annotations:IEEGGiwDEe6qzickCvMHgA"
"0","2023-07-19T15:30:45","2023-07-19T15:30:45","https://zine.zora.co/solarpunk-web3-kareola","felixcat","OslLnCZJEe6l9L8omgWNwA","ziX6PGLn","keyword","solar energy","solarpunk <=> solar energy","https://hyp.is/OslLnCZJEe6l9L8omgWNwA","https://zine.zora.co/solarpunk-web3-kareola#annotations:OslLnCZJEe6l9L8omgWNwA"
"0","2023-07-19T15:11:59","2023-07-19T15:12:13","https://zine.zora.co/solarpunk-web3-kareola","felixcat","m7HHAiZGEe6pNC-wQulZzQ","ziX6PGLn","reference","Ursula K. Le Guin","grandmother of solarpunk","https://hyp.is/m7HHAiZGEe6pNC-wQulZzQ","https://zine.zora.co/solarpunk-web3-kareola#annotations:m7HHAiZGEe6pNC-wQulZzQ"
"0","2023-07-19T15:05:44","2023-07-19T15:06:04","https://zine.zora.co/solarpunk-web3-kareola","felixcat","vGz67iZFEe6WjpOgvNdxFA","ziX6PGLn","important","key figures in Web3 increasingly refer to, and appropriate solarpunk.","reason why we try to conceive of hope-punk rather than solar-punk?","https://hyp.is/vGz67iZFEe6WjpOgvNdxFA","https://zine.zora.co/solarpunk-web3-kareola#annotations:vGz67iZFEe6WjpOgvNdxFA"
"0","2023-07-19T14:55:58","2023-07-19T14:55:58","https://zine.zora.co/solarpunk-web3-kareola","felixcat","XpAFmCZEEe6XH89iiTgypA","ziX6PGLn","important","There was to be no controlling center, no capital, no establishment for the self-perpetuating machinery of bureaucracy and the dominance drive of individuals seeking to become captains, bosses, chiefs of state.”","domination can well be decentralized (both in fact and intent). Decentralization is not sufficient, to adequately address the issue of power","https://hyp.is/XpAFmCZEEe6XH89iiTgypA","https://zine.zora.co/solarpunk-web3-kareola#annotations:XpAFmCZEEe6XH89iiTgypA"
"0","2023-07-19T14:50:55","2023-07-19T14:50:55","https://zine.zora.co/solarpunk-web3-kareola","felixcat","qjN_RCZDEe6f3AubZ5nm6A","ziX6PGLn","key-word","Decentralization",,"https://hyp.is/qjN_RCZDEe6f3AubZ5nm6A","https://zine.zora.co/solarpunk-web3-kareola#annotations:qjN_RCZDEe6f3AubZ5nm6A"
"0","2023-07-18T10:13:42","2023-07-18T10:13:42","https://zine.zora.co/solarpunk-web3-kareola","augustomarquet","xf0PkiVTEe6rN7_giUXLGw","ziX6PGLn","comment","Some artworks and novels have been labeled “solarpunk” retrospectively.","I was thinking for instance in [Proteus](https://en.wikipedia.org/wiki/Proteus_(video_game)) as the game game appears to be in this new land; where the game is just living or ""experimenting"" ","https://hyp.is/xf0PkiVTEe6rN7_giUXLGw","https://zine.zora.co/solarpunk-web3-kareola#annotations:xf0PkiVTEe6rN7_giUXLGw"
"0","2023-07-18T10:10:47","2023-07-18T10:11:21","https://zine.zora.co/solarpunk-web3-kareola","Selby","XbQ0ViVTEe6YVAuFycx5bA","ziX6PGLn","background info","The Green Pill Podcast","The Green Pill podcast is for all the green innovators out there. Join Dr Chris Newman, a medical doctor, healthy-climate advocate and occasional mischief maker as he interviews folks as diverse as Transition founder Rob Hopkins, rapper and permaculture expert KMT, ex-child slave + NGO founder Nasreen Sheikh. Whatever your field of expertise, guaranteed there's someone greening it up already. This is where you'll find them. Out every Wednesday.","https://hyp.is/XbQ0ViVTEe6YVAuFycx5bA","https://zine.zora.co/solarpunk-web3-kareola#annotations:XbQ0ViVTEe6YVAuFycx5bA"
"1","2023-07-19T15:01:18","2023-07-19T15:01:18","https://zine.zora.co/solarpunk-web3-kareola","felixcat","Haz5_iZFEe6pMJey-7b7bQ","ziX6PGLn","reference",,"thank you for this summary!","https://hyp.is/Haz5_iZFEe6pMJey-7b7bQ","https://zine.zora.co/solarpunk-web3-kareola#annotations:Haz5_iZFEe6pMJey-7b7bQ"
"0","2023-07-18T10:04:11","2023-07-18T10:04:11","https://zine.zora.co/solarpunk-web3-kareola","anoniet","cX7dmCVSEe6yQzfUQa2qkw","ziX6PGLn","citation","re-des.org describes solarpunk as “a vision of a future that embodies the best of what humanity can achieve: a post-scarcity, post-hierarchy, post-capitalistic [sic] world where humanity sees itself as part of nature and clean energy replaces fossil fuels","definition by re-des","https://hyp.is/cX7dmCVSEe6yQzfUQa2qkw","https://zine.zora.co/solarpunk-web3-kareola#annotations:cX7dmCVSEe6yQzfUQa2qkw"
"0","2023-07-18T10:03:15","2023-07-18T10:03:15","https://zine.zora.co/solarpunk-web3-kareola","subsignal","UEN5DiVSEe68AkM03IHi9A","ziX6PGLn","trouble","“Regenerative economic tools” they argue “are solarpunk.” But to build these tools (and common goods) needed for social progress at the planetary scale, global coordination and large-scale implementation is needed, and the question is whether that is still solarpunk, too.","How can we consider scalability in our 'solarpunk' solutions? Decentralisation and local organisation seems to be a core value of solarpunk ideas, but appears contradictory when we try to scale on a global level.","https://hyp.is/UEN5DiVSEe68AkM03IHi9A","https://zine.zora.co/solarpunk-web3-kareola#annotations:UEN5DiVSEe68AkM03IHi9A"
"1","2023-07-19T15:27:21","2023-07-19T15:29:34","https://zine.zora.co/solarpunk-web3-kareola","felixcat","wPNb-iZIEe6bCrMRcA-Uqw","ziX6PGLn","approbation",,"Yes... perhaps we could think of tools with global standards, for better coordination, but with local applications and appropriations (kind of like a free software, which can have local adaptations but is addressed to a global community and as such, conforms to certain technological standards)","https://hyp.is/wPNb-iZIEe6bCrMRcA-Uqw","https://zine.zora.co/solarpunk-web3-kareola#annotations:wPNb-iZIEe6bCrMRcA-Uqw"
"1","2023-07-25T21:21:21","2023-07-25T21:25:17","https://zine.zora.co/solarpunk-web3-kareola","hd_onions","M6ROpisxEe69UDuCmsLR6w","ziX6PGLn",,,"is the question of scalability a bit besides the point? i have to think about anna lowenhaupt-ting's text on non-scalability... the problem of scale.. or the problem of the promise of scalability is that it does not account for the non-scalable effects.. isnt it a fallacy to think you can scale a ""solution"" such as solar-energy up and down and not think about what does not scale or translate through these transitions. i find solarpunk limiting in that context... it may be the sun that is a super abundant resource in some context and may fulfil its regenerational promise but in another context the sun may be perceived as causing a lot of harm and rather than sparking future imagination is a cause of distress. other forms of regenerative resources and practices may be fitting better in these contexts ","https://hyp.is/M6ROpisxEe69UDuCmsLR6w","https://zine.zora.co/solarpunk-web3-kareola#annotations:M6ROpisxEe69UDuCmsLR6w"
"2","2023-07-26T22:18:11","2023-07-26T22:18:11","https://zine.zora.co/solarpunk-web3-kareola","Drix","TtEZbCwCEe6MXWeujL0Ybw","ziX6PGLn","approbation, trouble",,"I find myself in line with this. I find the pursuit of scalability as a matter surrounded by gloomy vibes. It's one thought that puts you immediately in the position of ""thinking in the place of others"". Inthis case, thinking that one technological solution will work for others too.. As one programmer would know well, there are endless ways to reach the same result. Makes me wonder if commoning knowledges and practices with your neighbours (who are somebody else's neighbours) could be a better way to scale solutions... letting other learn and take what they need, rework on it etc (a bith on the line on mauss gifts thingy in anthropology)","https://hyp.is/TtEZbCwCEe6MXWeujL0Ybw","https://zine.zora.co/solarpunk-web3-kareola#annotations:TtEZbCwCEe6MXWeujL0Ybw"
"0","2023-07-18T10:00:07","2023-07-18T10:00:07","https://zine.zora.co/solarpunk-web3-kareola","anoniet","4ByrgiVREe6xWNsO1iA5ww","ziX6PGLn","key-word","Analyzing the way in which decentralization and infrastructure are instrumentalized and referred to in both solarpunk and Web3, can help to understand to what extent appropriation of solarpunk narratives within Web3 is appropriate.","objective of the text?","https://hyp.is/4ByrgiVREe6xWNsO1iA5ww","https://zine.zora.co/solarpunk-web3-kareola#annotations:4ByrgiVREe6xWNsO1iA5ww"
"0","2023-07-18T09:59:12","2023-07-18T09:59:12","https://zine.zora.co/solarpunk-web3-kareola","hd_onions","vxB-liVREe6qvWuQ5wXaUg","ziX6PGLn","solarpunk","Williams points out how the specifics of imaginaries “vary depending on the politics of the dreamer” and observes how solarpunk (perhaps because of its distributed nature) is not entirely politically homogeneous.","In a similar sense, technology is not accessible to everyone equally. What bothers me in a lot of the Solarpunk accounts, is the aesthetics, the slickness of its visual depiction ","https://hyp.is/vxB-liVREe6qvWuQ5wXaUg","https://zine.zora.co/solarpunk-web3-kareola#annotations:vxB-liVREe6qvWuQ5wXaUg"
"1","2023-07-19T15:57:58","2023-07-19T15:57:58","https://zine.zora.co/solarpunk-web3-kareola","felixcat","B-nkgCZNEe6TOEMAXXGWjw","ziX6PGLn","approbation",,,"https://hyp.is/B-nkgCZNEe6TOEMAXXGWjw","https://zine.zora.co/solarpunk-web3-kareola#annotations:B-nkgCZNEe6TOEMAXXGWjw"
"1","2023-07-26T22:41:02","2023-07-26T22:41:02","https://zine.zora.co/solarpunk-web3-kareola","Drix","f-Dg8iwFEe6MWgumox3IDA","ziX6PGLn",,,"omg yes ","https://hyp.is/f-Dg8iwFEe6MWgumox3IDA","https://zine.zora.co/solarpunk-web3-kareola#annotations:f-Dg8iwFEe6MWgumox3IDA"
"0","2023-07-18T09:58:09","2023-07-18T09:58:09","https://zine.zora.co/solarpunk-web3-kareola","anoniet","mc9IaiVREe67_eds_-Wj4g","ziX6PGLn","keywords","cypherpunk",,"https://hyp.is/mc9IaiVREe67_eds_-Wj4g","https://zine.zora.co/solarpunk-web3-kareola#annotations:mc9IaiVREe67_eds_-Wj4g"
"0","2023-07-18T09:57:16","2023-07-18T09:57:51","https://zine.zora.co/solarpunk-web3-kareola","cyberfae1312","eeBpRCVREe6_VwshJd-7qA","ziX6PGLn","citation","Ursula K. Le Guin, The Dispossessed, 1974","loved the book","https://hyp.is/eeBpRCVREe6_VwshJd-7qA","https://zine.zora.co/solarpunk-web3-kareola#annotations:eeBpRCVREe6_VwshJd-7qA"
"0","2023-07-18T09:57:42","2023-07-18T09:57:42","https://zine.zora.co/solarpunk-web3-kareola","goosey","iV-GtiVREe6Q5HOPoj_lIQ","ziX6PGLn","key-word","dazzling flashes",,"https://hyp.is/iV-GtiVREe6Q5HOPoj_lIQ","https://zine.zora.co/solarpunk-web3-kareola#annotations:iV-GtiVREe6Q5HOPoj_lIQ"
"0","2023-07-18T09:51:21","2023-07-18T09:51:21","https://zine.zora.co/solarpunk-web3-kareola","goosey","plzjDiVQEe6YxGNKW3LtCA","ziX6PGLn",,"New Materialism","What is New Materialism?","https://hyp.is/plzjDiVQEe6YxGNKW3LtCA","https://zine.zora.co/solarpunk-web3-kareola#annotations:plzjDiVQEe6YxGNKW3LtCA"
"2","2023-07-25T21:11:56","2023-07-25T21:11:56","https://zine.zora.co/solarpunk-web3-kareola","hd_onions","4xYrSisvEe6c4Y8q_LnLqQ","ziX6PGLn",,,"karen barad's new materialist perspective... in ""Meeting the Universe Halfway"" especially their reflection on measuring apparatuses and their entanglements with matter ","https://hyp.is/4xYrSisvEe6c4Y8q_LnLqQ","https://zine.zora.co/solarpunk-web3-kareola#annotations:4xYrSisvEe6c4Y8q_LnLqQ"
"1","2023-07-19T16:43:02","2023-07-25T21:14:51","https://zine.zora.co/solarpunk-web3-kareola","felixcat","U5rQ-iZTEe6TWguVd5UsZQ","ziX6PGLn","reference",,"sounds really interesting as a thought-movement, actually: > ""The new materialisms are a range of contemporary perspectives in the arts, humanities and social sciences that have in common a theoretical and practical ‘turn to matter’. Many new materialists treat their work as discontinuous with the historical materialism of Hegel and Marx, whereas others recognise a connection via the micropolitical working of power, politics and biopolitics. The materiality addressed in these new materialisms is relational, plural, open, complex, uneven and contingent; cuts across dualistic boundaries between natural and social worlds; and for some new materialist scholars is invested with a vitality or liveliness"" [source](https://globalsocialtheory.org/topics/new-materialism/)","https://hyp.is/U5rQ-iZTEe6TWguVd5UsZQ","https://zine.zora.co/solarpunk-web3-kareola#annotations:U5rQ-iZTEe6TWguVd5UsZQ"
"0","2023-07-26T19:02:06","2023-07-26T19:02:06","https://olh.openlibhums.org/article/id/4597/","felixcat","6j7CgCvmEe6POd_YF7vYdA","ziX6PGLn","<3","engaging the question of achieving a fully social and cultural energy transition",,"https://hyp.is/6j7CgCvmEe6POd_YF7vYdA","https://olh.openlibhums.org/article/id/4597/#annotations:6j7CgCvmEe6POd_YF7vYdA"
"0","2023-07-26T18:52:20","2023-07-26T18:52:20","https://olh.openlibhums.org/article/id/4597/","felixcat","jTNJ9CvlEe6Msbs8POeHsA","ziX6PGLn","key-word","alternative figurations of desire",,"https://hyp.is/jTNJ9CvlEe6Msbs8POeHsA","https://olh.openlibhums.org/article/id/4597/#annotations:jTNJ9CvlEe6Msbs8POeHsA"
"0","2023-07-26T15:13:10","2023-07-26T15:13:10","https://olh.openlibhums.org/article/id/4597/","felixcat","7zy6oCvGEe6kFO9PWrfUlA","ziX6PGLn","important","The solarpunk imaginary can then provide a conceptual coherence to an already-mobilised political activity, provide a community of like-minded people, and provide a space for new activity","imaginary for community building, coherence between like-minded people/activist","https://hyp.is/7zy6oCvGEe6kFO9PWrfUlA","https://olh.openlibhums.org/article/id/4597/#annotations:7zy6oCvGEe6kFO9PWrfUlA"
"0","2023-07-26T15:08:45","2023-07-26T15:08:45","https://olh.openlibhums.org/article/id/4597/","felixcat","USQDoCvGEe6--Tcyv7H-wg","ziX6PGLn","citation","A true ‘world after oil’ for Wilson is ‘a world whose social systems and cultures are no longer shaped by the relations of petro-capitalism but by alternative configurations of energy and political economy’ (2018: 378–9)",,"https://hyp.is/USQDoCvGEe6--Tcyv7H-wg","https://olh.openlibhums.org/article/id/4597/#annotations:USQDoCvGEe6--Tcyv7H-wg"
"0","2023-07-26T15:06:00","2023-07-26T15:06:00","https://olh.openlibhums.org/article/id/4597/","felixcat","7siJOCvFEe6FlJsvu9MC-A","ziX6PGLn","important","ideals of community, care, and humility",,"https://hyp.is/7siJOCvFEe6FlJsvu9MC-A","https://olh.openlibhums.org/article/id/4597/#annotations:7siJOCvFEe6FlJsvu9MC-A"
"0","2023-07-26T15:03:48","2023-07-26T15:03:48","https://olh.openlibhums.org/article/id/4597/","felixcat","n9EAvCvFEe6r74-Yf2qQcw","ziX6PGLn","important","They are also constituted by and produce imaginaries",,"https://hyp.is/n9EAvCvFEe6r74-Yf2qQcw","https://olh.openlibhums.org/article/id/4597/#annotations:n9EAvCvFEe6r74-Yf2qQcw"
"0","2023-07-26T15:03:00","2023-07-26T15:03:00","https://olh.openlibhums.org/article/id/4597/","felixcat","gyljlivFEe6E29fFgirYaA","ziX6PGLn","important","Infrastructures should be understood as both technical systems and ‘social networks’",,"https://hyp.is/gyljlivFEe6E29fFgirYaA","https://olh.openlibhums.org/article/id/4597/#annotations:gyljlivFEe6E29fFgirYaA"
"0","2023-07-26T15:01:17","2023-07-26T15:01:17","https://olh.openlibhums.org/article/id/4597/","felixcat","RbmVTivFEe6nF-PDsa1MAg","ziX6PGLn","citation","As Deborah Cowen puts it, ‘infrastructure is by definition future oriented; it is assembled in the service of worlds to come’ (2017)",,"https://hyp.is/RbmVTivFEe6nF-PDsa1MAg","https://olh.openlibhums.org/article/id/4597/#annotations:RbmVTivFEe6nF-PDsa1MAg"
"0","2023-07-26T14:58:04","2023-07-26T14:58:04","https://olh.openlibhums.org/article/id/4597/","felixcat","0ucpHivEEe6qyPtZMKZ-3w","ziX6PGLn","key-word","speculative","solar-punk as speculation","https://hyp.is/0ucpHivEEe6qyPtZMKZ-3w","https://olh.openlibhums.org/article/id/4597/#annotations:0ucpHivEEe6qyPtZMKZ-3w"
"1","2023-07-26T14:58:23","2023-07-26T14:58:23","https://olh.openlibhums.org/article/id/4597/","felixcat","3fBERCvEEe6E2C_OrCk_gg","ziX6PGLn","important",,"how about going beyond speculation: into action?","https://hyp.is/3fBERCvEEe6E2C_OrCk_gg","https://olh.openlibhums.org/article/id/4597/#annotations:3fBERCvEEe6E2C_OrCk_gg"
"0","2023-07-26T14:55:26","2023-07-26T14:55:26","https://olh.openlibhums.org/article/id/4597/","felixcat","dOmXNCvEEe6Ze_dqbnLTJQ","ziX6PGLn","key-word","solar energy imaginary",,"https://hyp.is/dOmXNCvEEe6Ze_dqbnLTJQ","https://olh.openlibhums.org/article/id/4597/#annotations:dOmXNCvEEe6Ze_dqbnLTJQ"
"0","2023-07-25T21:50:17","2023-07-25T21:50:17","http://www.susted.com/wordpress/content/solarpunk-the-pedagogical-value-of-utopia_2020_05/","hd_onions","PrLAbCs1Ee674muz6xkxQg","ziX6PGLn",,"eco-centric","isnt eco-centricism ego-centric eventually? ","https://hyp.is/PrLAbCs1Ee674muz6xkxQg","http://www.susted.com/wordpress/content/solarpunk-the-pedagogical-value-of-utopia_2020_05/#annotations:PrLAbCs1Ee674muz6xkxQg"
"0","2023-07-25T21:43:10","2023-07-25T21:43:10","http://www.susted.com/wordpress/content/solarpunk-the-pedagogical-value-of-utopia_2020_05/","hd_onions","P-_uuis0Ee6JGYd04O_TSg","ziX6PGLn","reference","climate catastrophes,","Isabelle Stengers ""In Catastrophic Times: Resisting the Coming Barbarism""","https://hyp.is/P-_uuis0Ee6JGYd04O_TSg","http://www.susted.com/wordpress/content/solarpunk-the-pedagogical-value-of-utopia_2020_05/#annotations:P-_uuis0Ee6JGYd04O_TSg"
"0","2023-07-25T21:41:00","2023-07-25T21:41:00","http://www.susted.com/wordpress/content/solarpunk-the-pedagogical-value-of-utopia_2020_05/","hd_onions","8mJLDCszEe6jq6_VkJaA4g","ziX6PGLn",,"one","one as in individual?","https://hyp.is/8mJLDCszEe6jq6_VkJaA4g","http://www.susted.com/wordpress/content/solarpunk-the-pedagogical-value-of-utopia_2020_05/#annotations:8mJLDCszEe6jq6_VkJaA4g"
"0","2023-07-23T19:01:20","2023-07-23T19:01:20","http://www.susted.com/wordpress/content/solarpunk-the-pedagogical-value-of-utopia_2020_05/","subsignal","T5I48CmLEe6im5Oswm8hrQ","ziX6PGLn","citation","Incorporating the insights of social ecology, solarpunk tends to reflect an ethos that “the very notion of the domination of nature by man stems from the very real domination of human by human” (Bookchin, 1982, p. 1).","intertwined relationship between social and ecological discourse","https://hyp.is/T5I48CmLEe6im5Oswm8hrQ","http://www.susted.com/wordpress/content/solarpunk-the-pedagogical-value-of-utopia_2020_05/#annotations:T5I48CmLEe6im5Oswm8hrQ"
"0","2023-07-23T19:00:30","2023-07-23T19:00:30","http://www.susted.com/wordpress/content/solarpunk-the-pedagogical-value-of-utopia_2020_05/","subsignal","MXUBSimLEe6WraP9gibfNA","ziX6PGLn","approval","Where the logic of capitalism centers on growth at all costs, solarpunk fits much better with an ethic of compassion and temperance in economics.","<3","https://hyp.is/MXUBSimLEe6WraP9gibfNA","http://www.susted.com/wordpress/content/solarpunk-the-pedagogical-value-of-utopia_2020_05/#annotations:MXUBSimLEe6WraP9gibfNA"
"0","2023-07-23T09:56:51","2023-07-23T09:56:51","http://www.susted.com/wordpress/content/solarpunk-the-pedagogical-value-of-utopia_2020_05/","subsignal","Pvf1Eik_Ee66rsdby-H4gw","ziX6PGLn","commentary","As speculative fiction concerned with ecological harmony, solarpunk stories often take place in worlds with a past (or a collapsing present), like our own, of mass consumerism, environmental degradation, and colonial exploitation that the characters must deal with (Ulibarri, 2018a).","This reminds me of Saul Williams' science fiction musical film 'Neptune Frost' (2021), set in a Coltan mining community in Burundi, who form a hacker collective. Can highly recommend","https://hyp.is/Pvf1Eik_Ee66rsdby-H4gw","http://www.susted.com/wordpress/content/solarpunk-the-pedagogical-value-of-utopia_2020_05/#annotations:Pvf1Eik_Ee66rsdby-H4gw"
"0","2023-07-23T09:46:56","2023-07-23T09:46:56","http://www.susted.com/wordpress/content/solarpunk-the-pedagogical-value-of-utopia_2020_05/","subsignal","3KbeVik9Ee6Lzx_0ZuEbFA","ziX6PGLn",,"“Punk” also evokes individuality, although not individualism.","<3","https://hyp.is/3KbeVik9Ee6Lzx_0ZuEbFA","http://www.susted.com/wordpress/content/solarpunk-the-pedagogical-value-of-utopia_2020_05/#annotations:3KbeVik9Ee6Lzx_0ZuEbFA"
"0","2023-07-21T15:19:04","2023-07-21T15:19:04","http://www.susted.com/wordpress/content/solarpunk-the-pedagogical-value-of-utopia_2020_05/","felixcat","7YXjxifZEe6dzAcG5jeRlg","ziX6PGLn","important, reference","A civilization that chooses to close its eyes to its most crucial problems is a stricken civilization.","""hope"" does not mean ""blind"", we need to be very lucid","https://hyp.is/7YXjxifZEe6dzAcG5jeRlg","http://www.susted.com/wordpress/content/solarpunk-the-pedagogical-value-of-utopia_2020_05/#annotations:7YXjxifZEe6dzAcG5jeRlg"
"0","2023-07-21T15:15:52","2023-07-21T15:15:52","http://www.susted.com/wordpress/content/solarpunk-the-pedagogical-value-of-utopia_2020_05/","felixcat","e3zxZifZEe6k3H_z8yhJPw","ziX6PGLn","disapproval","Le Guin’s The Dispossessed is thoroughly a sci-fi story—it features interplanetary travel and a physicist pursuing the method for faster-than-light communication.","very techno-optimistic (like if we, as a specie, could break these physical constraints and barriers of space and time)","https://hyp.is/e3zxZifZEe6k3H_z8yhJPw","http://www.susted.com/wordpress/content/solarpunk-the-pedagogical-value-of-utopia_2020_05/#annotations:e3zxZifZEe6k3H_z8yhJPw"
"0","2023-07-21T15:13:24","2023-07-21T15:13:24","http://www.susted.com/wordpress/content/solarpunk-the-pedagogical-value-of-utopia_2020_05/","felixcat","Iz61tifZEe6k2y-oK_aaMA","ziX6PGLn","<3","“Punk” evokes the rebellious and countercultural aspects of the genre.",,"https://hyp.is/Iz61tifZEe6k2y-oK_aaMA","http://www.susted.com/wordpress/content/solarpunk-the-pedagogical-value-of-utopia_2020_05/#annotations:Iz61tifZEe6k2y-oK_aaMA"
"0","2023-07-21T15:08:24","2023-07-21T15:08:24","http://www.susted.com/wordpress/content/solarpunk-the-pedagogical-value-of-utopia_2020_05/","felixcat","cC0mQifYEe6JJrdoqQGMZg","ziX6PGLn","key-word","react","reacting or acting beyond mere reaction to events?","https://hyp.is/cC0mQifYEe6JJrdoqQGMZg","http://www.susted.com/wordpress/content/solarpunk-the-pedagogical-value-of-utopia_2020_05/#annotations:cC0mQifYEe6JJrdoqQGMZg"
"0","2023-07-21T15:07:05","2023-07-21T15:07:05","http://www.susted.com/wordpress/content/solarpunk-the-pedagogical-value-of-utopia_2020_05/","felixcat","QYmhnifYEe6bNHd3xF1vfQ","ziX6PGLn","important","solarpunk may be a valuable tool in promoting action by overcoming widespread cynicism about the future","hopepunk as going beyond cynicism and defeatism about the future. We can do things that transpire hope and that are contagious in doing so ","https://hyp.is/QYmhnifYEe6bNHd3xF1vfQ","http://www.susted.com/wordpress/content/solarpunk-the-pedagogical-value-of-utopia_2020_05/#annotations:QYmhnifYEe6bNHd3xF1vfQ"
"0","2023-07-20T13:51:44","2023-07-20T13:51:44","http://www.susted.com/wordpress/content/solarpunk-the-pedagogical-value-of-utopia_2020_05/","cyberfae1312","j_XWficEEe6ORDdn6HEdNQ","ziX6PGLn","<3","ambiguous utopia","i like","https://hyp.is/j_XWficEEe6ORDdn6HEdNQ","http://www.susted.com/wordpress/content/solarpunk-the-pedagogical-value-of-utopia_2020_05/#annotations:j_XWficEEe6ORDdn6HEdNQ"
"0","2023-07-20T13:50:33","2023-07-20T13:50:33","http://www.susted.com/wordpress/content/solarpunk-the-pedagogical-value-of-utopia_2020_05/","cyberfae1312","ZfJO8icEEe6_5kMKoNT6Aw","ziX6PGLn","definition","Much of retrofuturism is rejected by solarpunk: all things nuclear (both family and energy), the reliance on individual transportation (i.e., cars), and the glorification of consumerist culture.",,"https://hyp.is/ZfJO8icEEe6_5kMKoNT6Aw","http://www.susted.com/wordpress/content/solarpunk-the-pedagogical-value-of-utopia_2020_05/#annotations:ZfJO8icEEe6_5kMKoNT6Aw"
"0","2023-07-20T13:49:55","2023-07-20T13:49:55","http://www.susted.com/wordpress/content/solarpunk-the-pedagogical-value-of-utopia_2020_05/","cyberfae1312","Tx76cicEEe6oDfdbvOcLcw","ziX6PGLn","important","the future will be solarpunk, or there will be no future",,"https://hyp.is/Tx76cicEEe6oDfdbvOcLcw","http://www.susted.com/wordpress/content/solarpunk-the-pedagogical-value-of-utopia_2020_05/#annotations:Tx76cicEEe6oDfdbvOcLcw"
"0","2023-07-20T13:46:21","2023-07-20T13:46:21","http://www.susted.com/wordpress/content/solarpunk-the-pedagogical-value-of-utopia_2020_05/","cyberfae1312","z8XIgicDEe64uC_qYQ8wZA","ziX6PGLn","important","Punk has a long history of anti-establishment, anti-authoritarian, and anti-capitalist thought",,"https://hyp.is/z8XIgicDEe64uC_qYQ8wZA","http://www.susted.com/wordpress/content/solarpunk-the-pedagogical-value-of-utopia_2020_05/#annotations:z8XIgicDEe64uC_qYQ8wZA"
"1","2023-07-21T15:13:58","2023-07-21T15:13:58","http://www.susted.com/wordpress/content/solarpunk-the-pedagogical-value-of-utopia_2020_05/","felixcat","N41t8CfZEe6RB68jJUAR9A","ziX6PGLn","approval",,"lets keep that in the hopepunk concept indeed","https://hyp.is/N41t8CfZEe6RB68jJUAR9A","http://www.susted.com/wordpress/content/solarpunk-the-pedagogical-value-of-utopia_2020_05/#annotations:N41t8CfZEe6RB68jJUAR9A"
"0","2023-07-20T13:44:39","2023-07-20T13:44:39","http://www.susted.com/wordpress/content/solarpunk-the-pedagogical-value-of-utopia_2020_05/","cyberfae1312","kvzUGCcDEe6onQfu9-v-9g","ziX6PGLn","citation","The Fifth Sacred Thing by Starhawk (1993)",,"https://hyp.is/kvzUGCcDEe6onQfu9-v-9g","http://www.susted.com/wordpress/content/solarpunk-the-pedagogical-value-of-utopia_2020_05/#annotations:kvzUGCcDEe6onQfu9-v-9g"
"0","2023-07-20T13:43:42","2023-07-20T13:43:42","http://www.susted.com/wordpress/content/solarpunk-the-pedagogical-value-of-utopia_2020_05/","cyberfae1312","cNGqJicDEe6mqmMBpVf8jQ","ziX6PGLn","citation","Ernest Callenbach’s (1975) Ecotopia",,"https://hyp.is/cNGqJicDEe6mqmMBpVf8jQ","http://www.susted.com/wordpress/content/solarpunk-the-pedagogical-value-of-utopia_2020_05/#annotations:cNGqJicDEe6mqmMBpVf8jQ"
"0","2023-07-20T13:40:58","2023-07-20T13:40:58","http://www.susted.com/wordpress/content/solarpunk-the-pedagogical-value-of-utopia_2020_05/","cyberfae1312","D0mG8icDEe6uVWd6cU7-0w","ziX6PGLn","important","Cyberpunk stories are filled with the bleak hopelessness of shady corporations and immense income inequality, while solarpunk offers worlds where people are learning to live in balance with one another in the process of learning to live in harmony with the world",,"https://hyp.is/D0mG8icDEe6uVWd6cU7-0w","http://www.susted.com/wordpress/content/solarpunk-the-pedagogical-value-of-utopia_2020_05/#annotations:D0mG8icDEe6uVWd6cU7-0w"
"0","2023-07-20T13:40:06","2023-07-20T13:40:06","http://www.susted.com/wordpress/content/solarpunk-the-pedagogical-value-of-utopia_2020_05/","cyberfae1312","8BXsHCcCEe64tovwr_yStg","ziX6PGLn",,"anarcho-primitivism","check that ","https://hyp.is/8BXsHCcCEe64tovwr_yStg","http://www.susted.com/wordpress/content/solarpunk-the-pedagogical-value-of-utopia_2020_05/#annotations:8BXsHCcCEe64tovwr_yStg"
"0","2023-07-20T13:39:40","2023-07-20T13:39:40","http://www.susted.com/wordpress/content/solarpunk-the-pedagogical-value-of-utopia_2020_05/","cyberfae1312","4IwlLCcCEe6ZIgMjQeyLOw","ziX6PGLn","definition","solarpunk can be said to be “low carbon, high life",,"https://hyp.is/4IwlLCcCEe6ZIgMjQeyLOw","http://www.susted.com/wordpress/content/solarpunk-the-pedagogical-value-of-utopia_2020_05/#annotations:4IwlLCcCEe6ZIgMjQeyLOw"
"0","2023-07-20T13:39:12","2023-07-20T13:39:12","http://www.susted.com/wordpress/content/solarpunk-the-pedagogical-value-of-utopia_2020_05/","cyberfae1312","0AHNGicCEe6JLpf4XiBRbg","ziX6PGLn","definition","Cyberpunk is perhaps most succinctly summed up in the phrase “high tech, low life,” referring to the immense technological development imagined by the genre and its insurmountable social problems (Neon Dystopia)","-","https://hyp.is/0AHNGicCEe6JLpf4XiBRbg","http://www.susted.com/wordpress/content/solarpunk-the-pedagogical-value-of-utopia_2020_05/#annotations:0AHNGicCEe6JLpf4XiBRbg"
"0","2023-07-20T13:37:33","2023-07-20T13:37:33","http://www.susted.com/wordpress/content/solarpunk-the-pedagogical-value-of-utopia_2020_05/","cyberfae1312","lMWeSCcCEe6_4ONUBczBTw","ziX6PGLn",,"Without direction, we cannot make demands.","sure but there's no way to know if things can unfold towards something we imagine, even if the system becomes more mindful or takes actions ","https://hyp.is/lMWeSCcCEe6_4ONUBczBTw","http://www.susted.com/wordpress/content/solarpunk-the-pedagogical-value-of-utopia_2020_05/#annotations:lMWeSCcCEe6_4ONUBczBTw"
"1","2023-07-21T15:12:17","2023-07-21T15:12:17","http://www.susted.com/wordpress/content/solarpunk-the-pedagogical-value-of-utopia_2020_05/","felixcat","-0h4WCfYEe6X0j8CVQ3i3Q","ziX6PGLn","trouble",,"what about multi-directionality? To avoid a form of totalitarianism. Though this multi-directionality could be coordinated and have some common general goals...","https://hyp.is/-0h4WCfYEe6X0j8CVQ3i3Q","http://www.susted.com/wordpress/content/solarpunk-the-pedagogical-value-of-utopia_2020_05/#annotations:-0h4WCfYEe6X0j8CVQ3i3Q"
"2","2023-07-25T21:47:04","2023-07-25T21:48:58","http://www.susted.com/wordpress/content/solarpunk-the-pedagogical-value-of-utopia_2020_05/","hd_onions","y4T2Cis0Ee6tjLNG22UGVQ","ziX6PGLn",,,"i am also not sure about this notion of succeeding / success.. what determines the criteria for success – what defeating the climate catastrophe look like? and anyhow, it has already happened no? i like stengers book and the way she writes about the earth – or gaia,.. who does not give a fu*** and who does not need protection. she is just doing her thing,.. with or without us. ","https://hyp.is/y4T2Cis0Ee6tjLNG22UGVQ","http://www.susted.com/wordpress/content/solarpunk-the-pedagogical-value-of-utopia_2020_05/#annotations:y4T2Cis0Ee6tjLNG22UGVQ"
"0","2023-07-20T13:36:12","2023-07-20T13:36:12","http://www.susted.com/wordpress/content/solarpunk-the-pedagogical-value-of-utopia_2020_05/","cyberfae1312","ZMxGVicCEe6XTDf92rVKWg","ziX6PGLn","important","imagining what the world looks like in which we do succeed","important","https://hyp.is/ZMxGVicCEe6XTDf92rVKWg","http://www.susted.com/wordpress/content/solarpunk-the-pedagogical-value-of-utopia_2020_05/#annotations:ZMxGVicCEe6XTDf92rVKWg"
"0","2023-07-20T13:32:12","2023-07-20T13:32:12","http://www.susted.com/wordpress/content/solarpunk-the-pedagogical-value-of-utopia_2020_05/","cyberfae1312","1YJUuCcBEe6XS-8B-DZmGA","ziX6PGLn","citation","“It is easier to imagine the end of the world than it is to imagine the end of capitalism.” (Fisher, 2009, p. 2)",,"https://hyp.is/1YJUuCcBEe6XS-8B-DZmGA","http://www.susted.com/wordpress/content/solarpunk-the-pedagogical-value-of-utopia_2020_05/#annotations:1YJUuCcBEe6XS-8B-DZmGA"
"1","2023-07-25T22:07:59","2023-07-25T22:07:59","http://www.susted.com/wordpress/content/solarpunk-the-pedagogical-value-of-utopia_2020_05/","augustomarquet","t4zp1Cs3Ee6HV7eGXwDGvA","ziX6PGLn",,,"true ! Since I am kid - and previous - I have been promised with the idea of Apocalypses So far it has not happen yet . And the idea it self might be as aold as human . So . Why to fear destruction; instead of embrace our fragility as human adn habitats on this earth . The problem is not to imagine the end ; I think the problem is to call our fear for dying or disappearing as a motor of existence. The motor in a way should be love for what you believe; and being responsible for you actions at this moment I wan to play https://www.youtube.com/watch?v=TA38qwVMcik ","https://hyp.is/t4zp1Cs3Ee6HV7eGXwDGvA","http://www.susted.com/wordpress/content/solarpunk-the-pedagogical-value-of-utopia_2020_05/#annotations:t4zp1Cs3Ee6HV7eGXwDGvA"
